0,1,2,3,4,5,6,7,8,9,10,11,12,13,14,15,16,17,18,19,20,21,22,23,24,25,26,27,28,29,30,31,32,33,34,35,36,37,38,39,40,41,42,43,44,45,46,47,48,49,50,51,52,53,54,55,56,57,58,59,60,61,62,63,64,65,66,67,68,69,70,71,72,73,74,75,76,77,78,79,80,81,82,83,84,85,86,87,88,89,90,91,92,93,94,95,96,97,98,99,100,101,102,103,104,105,106,107,108,109,110,111,112,113,114,115,116,117,118,119,120,121,122,123,124,125,126,127,128,129,130,131,132,133,134,135,136,137,138,139,140,141,142,143,144,145,146,147,148,149,150,151,152,153,154,155,156,157,158,159,160,161,162,163,164,165,166,167,168,169,170,171,172,173,174,175,176,177,178,179,180,181,182,183,184,185,186,187,188,189,190,191,192,193,194,195,196,197,198,199,200,201,202,203,204,205,206,207,208,209,210,211,212,213,214,215,216,217,218,219,220,221,222,223,224,225,226,227,228,229,230,231,232,233,234,235,236,237,238,239,240,241,242,243,244,245,246,247,248,249,250,251,252,253,254,255,256
0.034831247,0.035423626,0.035486545,0.03568985,0.035628755,0.034934829,0.035396728,0.034954583,0.034958027,0.035330214,0.034660767,0.034293918,0.03470012,0.035117994,0.035201461,0.034429284,0.035539526,0.03568651,0.03393018,0.036285232,0.034181576,0.035497203,0.034867665,0.034786982,0.035598262,0.035814603,0.034076941,0.034281189,0.035575416,0.035367182,0.034519813,0.035406113,0.035832654,0.033890555,0.034988063,0.035334117,0.03559471,0.034545235,0.035290851,0.035231536,0.035319208,0.035117151,0.035005936,0.035484628,0.035018654,0.036259272,0.03465178,0.035981968,0.035056494,0.034733247,0.035301421,0.034970367,0.034168173,0.034623672,0.034941774,0.035317394,0.036029303,0.034926261,0.035167356,0.035373554,0.034982235,0.035170935,0.03517521,0.035110694,0.035613419,0.034223248,0.034786516,0.036181816,0.034845856,0.034991625,0.033873021,0.035400146,0.035398223,0.035282928,0.03584808,0.035516747,0.034646271,0.034183135,0.035092359,0.035674613,0.034509035,0.035773814,0.034396135,0.035159144,0.035643286,0.034969649,0.035057454,0.035988582,0.034159792,0.034845178,0.034783297,0.033863546,0.035454095,0.035646703,0.035270897,0.035179188,0.03547202,0.035173665,0.035543296,0.034861709,0.034908338,0.034781829,0.035027936,0.035366352,0.034877279,0.035374623,0.034617074,0.035174708,0.034750546,0.034542759,0.03600612,0.035666454,0.034367307,0.035620853,0.035280582,0.035343988,0.035137935,0.035424072,0.035798917,0.034908685,0.035371402,0.034262281,0.034864426,0.034644396,0.035742513,0.034984351,0.03592888,0.035125515,0.034716764,0.034931396,0.036148467,0.035582584,0.034921642,0.035104958,0.035725859,0.035230539,0.035333206,0.035607202,0.036344309,0.034996207,0.035742357,0.035500438,0.035167818,0.034645906,0.035028504,0.035284178,0.035624317,0.035250014,0.034721734,0.035222091,0.034566743,0.035696563,0.035293208,0.035025627,0.034311785,0.035330675,0.03520822,0.034518545,0.035058908,0.035287158,0.035110126,0.035572893,0.036169247,0.035758094,0.035394736,0.035850587,0.035672226,0.034721142,0.034810271,0.035162292,0.034671558,0.034404021,0.034714024,0.034075813,0.034367283,0.035523498,0.035449077,0.035622689,0.034872296,0.035558421,0.034945968,0.035659541,0.034685909,0.035694307,0.034612343,0.03492089,0.034905005,0.035679966,0.034663523,0.035220327,0.035639666,0.035329647,0.034154118,0.035128468,0.035445068,0.034717039,0.035329792,0.035071687,0.035315119,0.035685641,0.034978354,0.03486631,0.034965899,0.035524851,0.035100043,0.035190579,0.035394176,0.035683198,0.035315134,0.035683386,0.034806254,0.035101026,0.034216382,0.034884776,0.03546434,0.035545344,0.035335593,0.034711044,0.035844842,0.035313521,0.036265513,0.034691803,0.035154943,0.035261005,0.035614925,0.036032849,0.035592732,0.035345613,0.035300446,0.034983152,0.035386976,0.035120358,0.035130661,0.035226729,0.034092963,0.034509451,0.035350205,0.034653264,0.03594007,0.035791417,0.035293048,0.035741522,0.035518606,0.035621385,0.034711743,0.03518897,0.034693686,0.034726892,0.035636746,0.034578122,0.036146456,0.034759414,0.035192033,0.034884694,0.034908459,0.035360499,2
0.023201624,0.023820998,0.023474519,0.024091881,0.023760433,0.023276995,0.023676886,0.023266475,0.023259967,0.023506993,0.023162735,0.02287712,0.023280396,0.023485512,0.023520035,0.022803711,0.023878973,0.023666282,0.022615619,0.024041332,0.022674791,0.023714366,0.023097783,0.02325218,0.02383739,0.023858925,0.022742067,0.022901377,0.023655303,0.023865999,0.023116121,0.023637227,0.024048584,0.022719836,0.023244577,0.023573398,0.023762373,0.023128193,0.023589956,0.023519548,0.023583136,0.023461285,0.023228637,0.023640694,0.023427251,0.024132656,0.023050565,0.023924084,0.023200392,0.023197119,0.023499311,0.023419956,0.022861737,0.023202018,0.023148272,0.023799087,0.023990022,0.023250143,0.023269662,0.023704329,0.023234683,0.023285565,0.023242514,0.023474071,0.023788188,0.022645015,0.023109726,0.024127684,0.023247421,0.023150391,0.022661238,0.02374014,0.023406786,0.023482276,0.023864212,0.023500653,0.02294675,0.022913754,0.023184789,0.0237442,0.023039997,0.023923853,0.022943642,0.023420776,0.023892683,0.023521417,0.023391878,0.023978781,0.022780805,0.023170498,0.02310204,0.022447041,0.023666977,0.023737463,0.023484781,0.023546397,0.023624103,0.023651046,0.023653645,0.023246066,0.023290975,0.022929064,0.023412625,0.023644497,0.023236517,0.023695889,0.02307748,0.023635074,0.02324591,0.023228652,0.024068476,0.023723282,0.022823527,0.023878634,0.023456307,0.023557709,0.023557247,0.023708778,0.023899019,0.023536787,0.023522612,0.022735172,0.023314118,0.023031964,0.023700167,0.023345878,0.023849033,0.023278871,0.023084681,0.023132516,0.024000867,0.023755222,0.023392939,0.02354258,0.023811905,0.023327256,0.023518206,0.023639916,0.024168618,0.023350618,0.02382112,0.023861549,0.023425549,0.023040018,0.023347205,0.023596368,0.023720664,0.02362195,0.023246041,0.023549299,0.023132523,0.023594483,0.023630356,0.023268887,0.022806677,0.023474053,0.023751406,0.022696241,0.023347933,0.023710376,0.02353331,0.023861296,0.024224548,0.023795859,0.02375256,0.023887815,0.023679195,0.023157589,0.023285458,0.023427337,0.023111973,0.022850267,0.023136798,0.022848799,0.022762891,0.023772964,0.023658294,0.02370243,0.023291369,0.023605799,0.023298163,0.023812151,0.023176815,0.023874268,0.023237884,0.023327809,0.023239082,0.023584531,0.023242683,0.023674887,0.023679284,0.02337586,0.022832459,0.023323063,0.023498797,0.023074038,0.023737314,0.023261916,0.023554366,0.023958237,0.023330262,0.023167844,0.023149654,0.023775979,0.023423669,0.023490346,0.023520359,0.023587726,0.023495387,0.023711559,0.023060958,0.023438386,0.022817555,0.023200573,0.023423287,0.023527953,0.023183636,0.023063714,0.024165471,0.023510201,0.024026809,0.023365538,0.023382452,0.023670832,0.023726089,0.024188693,0.023774043,0.023572577,0.023625759,0.02313429,0.023461912,0.023546461,0.023500743,0.023640149,0.022671832,0.0229796,0.023616895,0.022874763,0.023979258,0.023886373,0.023332456,0.023778593,0.023389562,0.023617882,0.023253445,0.02361465,0.023226382,0.02307655,0.023730432,0.023031165,0.02403799,0.023110034,0.02349779,0.023191153,0.023296595,0.023710503,2
0.011567515,0.011616389,0.011687857,0.011739542,0.011580878,0.011601176,0.011707445,0.011746682,0.011596802,0.011708491,0.011767966,0.011409267,0.011536336,0.011690977,0.011739841,0.011396305,0.01178474,0.011808789,0.011258231,0.012051441,0.01151299,0.011991289,0.011744662,0.011673501,0.011835119,0.012031917,0.011157362,0.011507248,0.011716105,0.011789473,0.011484965,0.011715975,0.011989052,0.011486425,0.01160785,0.011861386,0.011869199,0.011435658,0.011801387,0.011847599,0.01169578,0.011815065,0.01171247,0.011883904,0.011585308,0.012183281,0.011778585,0.011793035,0.011720652,0.011489061,0.011938876,0.01167608,0.011485083,0.011716747,0.011730016,0.01179002,0.011982079,0.011558296,0.011580109,0.011860409,0.011736749,0.011713762,0.011724411,0.011693532,0.011777694,0.011236896,0.011580077,0.012072766,0.011630035,0.011617035,0.01135254,0.012002864,0.011884219,0.012095167,0.01210569,0.01175795,0.011541289,0.011178173,0.011345683,0.011962523,0.011572351,0.011882991,0.011447728,0.011936672,0.011854779,0.011514754,0.011575402,0.011993923,0.011410584,0.011688375,0.01147133,0.011373408,0.011861875,0.011794511,0.011737031,0.011702874,0.011806421,0.011643249,0.011648959,0.011669715,0.011387554,0.011506272,0.011657568,0.011896029,0.011712694,0.011730041,0.011538602,0.011688095,0.011418525,0.0116499,0.011750452,0.012059634,0.011579178,0.011812952,0.011703177,0.01162529,0.011671403,0.011869938,0.012103265,0.011597433,0.011918341,0.011608752,0.011582568,0.011540049,0.011855477,0.011822365,0.011705247,0.011579914,0.011571651,0.011430131,0.011950444,0.011894375,0.011775143,0.011731265,0.012031638,0.01162783,0.01158707,0.011782252,0.012074657,0.011550207,0.012007886,0.011689588,0.011716467,0.011613576,0.011727474,0.011538671,0.011917403,0.011899788,0.01151322,0.011776862,0.011559404,0.011821087,0.011664483,0.011752836,0.011434483,0.012217647,0.011731663,0.0114713,0.011954764,0.011787331,0.011666052,0.01184676,0.012155445,0.01205685,0.011855981,0.01181111,0.011596785,0.011725359,0.011625446,0.011695637,0.011537821,0.011506668,0.011441232,0.011527639,0.011382041,0.011811254,0.011922896,0.011982328,0.011507178,0.011940899,0.011754549,0.012007465,0.011618546,0.011914729,0.011467101,0.011627121,0.011675238,0.011710852,0.011550209,0.011747535,0.011956244,0.011511694,0.011386897,0.011880606,0.011869372,0.011828009,0.011697587,0.011758602,0.011757391,0.012035979,0.011831555,0.011563398,0.01175048,0.011775962,0.011650509,0.011707181,0.011761619,0.011982227,0.012006945,0.012094232,0.011578002,0.0117278,0.011177804,0.011755031,0.011880433,0.011857416,0.011614047,0.011422595,0.011749396,0.011797294,0.012292631,0.01145955,0.011793266,0.012111321,0.01194532,0.01206323,0.011767722,0.0118686,0.011707247,0.011666851,0.011893517,0.01166362,0.011857281,0.011751594,0.011414109,0.011345273,0.011819551,0.011570353,0.012060986,0.011885644,0.011778996,0.0117471,0.011832222,0.011889526,0.011585507,0.011658604,0.011602741,0.011390111,0.011935109,0.011662198,0.011901766,0.011529453,0.011586416,0.01150779,0.011594981,0.011824796,2
0.058554197,0.058798441,0.059205061,0.059443414,0.059531076,0.058484714,0.05879175,0.058204296,0.058119073,0.059576156,0.058308236,0.056787947,0.057128808,0.058959528,0.058245904,0.056985428,0.059162805,0.059517992,0.057523708,0.060604847,0.057073731,0.059075964,0.058266634,0.057737977,0.058906517,0.059620041,0.056728524,0.056790074,0.059047235,0.059393251,0.058037803,0.058504402,0.058937209,0.056388684,0.057932921,0.059488256,0.059147493,0.057385153,0.058611877,0.05858008,0.058188868,0.058634167,0.058811622,0.05862805,0.059014866,0.060365755,0.057727308,0.059779127,0.05802643,0.057798799,0.059016136,0.058756022,0.05703292,0.057606552,0.058634435,0.058383178,0.060269214,0.058722055,0.0585728,0.058413959,0.058191162,0.058209156,0.058261315,0.058765178,0.059548945,0.05740747,0.057775245,0.059946616,0.058506359,0.058659854,0.056814942,0.05820003,0.059014524,0.059201463,0.059946248,0.059271429,0.058119934,0.057253004,0.059453365,0.058737137,0.057258466,0.059826363,0.056954714,0.058965456,0.059966615,0.058141636,0.058638406,0.060722846,0.057110394,0.05748993,0.058818706,0.056913844,0.059317733,0.059556368,0.059093045,0.058455663,0.058831233,0.058781149,0.058941026,0.058135977,0.058215091,0.058436208,0.059061132,0.059020058,0.057715343,0.057954394,0.057113466,0.058352966,0.057849432,0.057019745,0.059760597,0.059296415,0.057452494,0.059311052,0.058727999,0.058540708,0.057586967,0.058762067,0.059904872,0.057634617,0.059270946,0.057917674,0.05763877,0.057541807,0.060199482,0.058305842,0.060198446,0.058410995,0.058203078,0.057912059,0.060081346,0.059565123,0.058318331,0.058081709,0.059840707,0.058375328,0.058775321,0.059714457,0.060749808,0.059194461,0.059289697,0.058596457,0.058681585,0.057490705,0.058672599,0.059109698,0.059675657,0.058023724,0.058737848,0.059092378,0.057787415,0.05968308,0.05842505,0.058452516,0.056955565,0.058208187,0.058996984,0.057407652,0.058707138,0.058784395,0.058076525,0.059346744,0.059712695,0.059543281,0.059906454,0.059539833,0.059447168,0.057819528,0.057484428,0.058445248,0.057817791,0.058127068,0.058305586,0.057448094,0.056475819,0.059237486,0.058807485,0.058864881,0.05848904,0.058551953,0.058312937,0.059782485,0.057448929,0.059469277,0.058011008,0.058872524,0.057672493,0.05957754,0.058122757,0.059143153,0.059579078,0.059538801,0.057588195,0.058338259,0.058406297,0.057672179,0.058582846,0.058117526,0.059567915,0.058742657,0.058427057,0.057508651,0.057977509,0.05867072,0.058644754,0.058709035,0.05963784,0.05980404,0.058827389,0.059857422,0.057587894,0.05812336,0.057786225,0.058481354,0.059112352,0.058961026,0.05956272,0.05779547,0.059437351,0.059088514,0.060577688,0.058060524,0.058493474,0.058544974,0.059018112,0.059207822,0.059436165,0.059193872,0.058777271,0.058250832,0.058407345,0.05814493,0.058148921,0.058585115,0.056654574,0.05760639,0.05909616,0.05763443,0.059710396,0.060378743,0.058815335,0.059157374,0.059217541,0.059524456,0.057007827,0.059195155,0.057066364,0.059023608,0.059927625,0.057273954,0.060743275,0.057982306,0.058259718,0.057953282,0.058017695,0.05895004,2
0.046242922,0.046637823,0.04722117,0.047603432,0.047402144,0.04704711,0.047205746,0.046740989,0.046511979,0.047639392,0.046528067,0.0450996,0.045779629,0.046989113,0.046790858,0.045816688,0.046800483,0.047859746,0.045667226,0.048362743,0.045856718,0.047227508,0.046198145,0.046473641,0.047161305,0.048038182,0.045508761,0.04570652,0.047291181,0.047385922,0.045860691,0.047039184,0.047456072,0.045198267,0.046677162,0.047225789,0.04775138,0.045932334,0.046846779,0.047074455,0.046754259,0.046844875,0.047278042,0.047180865,0.046634136,0.04849817,0.046135454,0.047839467,0.046950414,0.046448895,0.04718264,0.046454112,0.045541619,0.046376034,0.046987726,0.046897099,0.048182771,0.047301323,0.046655086,0.046711947,0.046827011,0.046776193,0.046940877,0.047305884,0.047450008,0.045768232,0.046556068,0.048262395,0.046877589,0.046998957,0.04477289,0.046890008,0.046883723,0.047502703,0.04786711,0.047340833,0.046747195,0.045258614,0.047094369,0.047472704,0.045808056,0.047575634,0.045664227,0.047314292,0.047578304,0.046550463,0.046906096,0.048149337,0.04543296,0.046415574,0.0464817,0.045299661,0.047329346,0.047411311,0.046882725,0.046529376,0.047251947,0.046565016,0.04710828,0.04629915,0.046258866,0.046853541,0.04712478,0.047116975,0.046484142,0.046706799,0.046206671,0.046494666,0.046241001,0.045479556,0.047663187,0.047576009,0.045925187,0.047072217,0.046848196,0.047035624,0.046371186,0.04720856,0.047557365,0.046188137,0.047437939,0.04626193,0.046043445,0.046162664,0.047732299,0.046894919,0.048009528,0.046971264,0.046528196,0.046365155,0.048201006,0.047132064,0.04677584,0.046489492,0.047998257,0.04694385,0.047032858,0.04752717,0.048578972,0.046777774,0.047523814,0.047199199,0.046831443,0.046085819,0.046717891,0.04684773,0.047766435,0.046692763,0.046655452,0.047238366,0.046255479,0.047481419,0.046696801,0.046610853,0.045789283,0.046652353,0.046366703,0.045955876,0.04709066,0.046932681,0.046797343,0.04715821,0.047876915,0.047707889,0.047712771,0.047593541,0.047689732,0.046228062,0.04597241,0.047024972,0.046224208,0.046267684,0.04641923,0.045706311,0.045858751,0.046860681,0.04735261,0.048006115,0.046527706,0.047033948,0.046737319,0.048034832,0.045991231,0.048052406,0.046085726,0.046936751,0.045961981,0.04791151,0.046234636,0.047056841,0.047829683,0.047565968,0.045843324,0.046941349,0.046991951,0.04636009,0.047191631,0.046715424,0.047240116,0.047272967,0.046821543,0.045680258,0.046435325,0.047003278,0.047026912,0.047064126,0.047693855,0.047845814,0.047093014,0.047774063,0.046420459,0.046867589,0.045597194,0.046801821,0.047113526,0.047560624,0.04757156,0.046035659,0.047541564,0.04717459,0.048561659,0.046174664,0.047037325,0.04680855,0.047444479,0.047697887,0.047530175,0.046962794,0.046780624,0.046231318,0.047303344,0.046616534,0.046869268,0.046780126,0.045395827,0.046188967,0.046982976,0.046596843,0.048253216,0.047696415,0.04711013,0.047574473,0.047400844,0.047709146,0.046120438,0.047125291,0.046215454,0.046562804,0.047656319,0.045924966,0.048444166,0.046076062,0.046865284,0.046674411,0.046622384,0.047380327,2
0.082220616,0.082809318,0.08361383,0.081956559,0.082513653,0.081003065,0.082065661,0.081581502,0.082357188,0.081817452,0.081505825,0.081090409,0.080538475,0.082349407,0.0816663,0.07968174,0.083537588,0.082866331,0.079304793,0.08440901,0.07918076,0.081931097,0.082840955,0.080848783,0.083249139,0.08309703,0.079825093,0.079856465,0.083068595,0.081867425,0.080366573,0.082536504,0.082824688,0.078960173,0.082549167,0.08224498,0.083744318,0.080779803,0.081963345,0.081337132,0.081469775,0.081440024,0.082231105,0.083141692,0.082775732,0.084127052,0.080432286,0.084479885,0.081632982,0.080492643,0.08286476,0.081501475,0.079855137,0.080206338,0.081477853,0.081748763,0.083453008,0.081446642,0.081969488,0.082845393,0.08218497,0.082092727,0.082070934,0.081994053,0.082695293,0.080112986,0.081097489,0.083477784,0.081162896,0.082151283,0.079374081,0.082823326,0.083618655,0.082389207,0.083599562,0.083239403,0.081311111,0.079884199,0.082024313,0.084123552,0.080284459,0.0840094,0.080563494,0.08089949,0.084420218,0.082118327,0.08251493,0.083160503,0.080588,0.081702791,0.081756725,0.07952615,0.082260892,0.083013006,0.082076197,0.083083407,0.083285142,0.081677289,0.083372635,0.082029425,0.081686575,0.081832486,0.080795356,0.082964468,0.081224548,0.082763679,0.0808794,0.081565474,0.080955436,0.081172862,0.08366161,0.083972324,0.080250714,0.082913667,0.083002067,0.082068097,0.08240365,0.082029413,0.083643217,0.081038953,0.082787965,0.080439411,0.080992266,0.080601083,0.083600823,0.082360447,0.082584382,0.08194498,0.081259602,0.081516503,0.083028945,0.082943187,0.081206275,0.08211097,0.08247631,0.082399571,0.081988505,0.083537816,0.084779498,0.081671542,0.083261196,0.082237526,0.081856602,0.080974068,0.081891544,0.081932569,0.082460949,0.083754786,0.080094832,0.081768717,0.080791048,0.08382393,0.081346777,0.081957784,0.080817572,0.083061556,0.081434359,0.081886709,0.081818935,0.082290068,0.082646446,0.082449959,0.084507346,0.082799055,0.081424169,0.08331797,0.082153946,0.080427232,0.081515216,0.081205719,0.082099959,0.080425999,0.080935304,0.079681684,0.08045985,0.082635097,0.081976511,0.082570628,0.080369401,0.083271172,0.081694023,0.083045538,0.080703071,0.082124382,0.080450991,0.081094341,0.081343742,0.082995058,0.08062139,0.082231976,0.083628242,0.082241842,0.078654842,0.081716586,0.083701693,0.081027915,0.081459644,0.082912487,0.082010176,0.083530862,0.082770718,0.081636792,0.082139426,0.083000571,0.082473253,0.081883691,0.082584788,0.084371852,0.082958983,0.084267618,0.081434654,0.082599024,0.079742717,0.082359303,0.082736482,0.081781319,0.083276901,0.081691876,0.082975863,0.082321852,0.084587911,0.080213289,0.081671942,0.082431395,0.083515697,0.083530585,0.082500927,0.082560048,0.0814795,0.082211182,0.082449698,0.080896433,0.081482925,0.081623015,0.080315807,0.079884228,0.084248343,0.08150706,0.083075783,0.083669588,0.082540864,0.082028298,0.083892151,0.082326802,0.080476629,0.081156119,0.081828916,0.081141653,0.082945247,0.080110182,0.08390988,0.081981172,0.083027918,0.082125215,0.081671028,0.082074735,2
0.070624189,0.071207841,0.071585913,0.070351523,0.070657601,0.069378741,0.070386111,0.069894147,0.070666069,0.069995263,0.069986272,0.069630082,0.069115888,0.070724861,0.069993727,0.068043476,0.071897197,0.07084213,0.06799462,0.072167837,0.067672435,0.070167117,0.071045561,0.069284657,0.071505922,0.071120734,0.068483355,0.068449844,0.07114446,0.070403158,0.069001611,0.070760795,0.071061773,0.067778041,0.070761908,0.070450917,0.07192062,0.069382881,0.070276643,0.069624923,0.069751242,0.069769398,0.070468246,0.071340036,0.071141372,0.071989712,0.068885184,0.07242966,0.069800333,0.068961972,0.071080163,0.069927667,0.068509962,0.068771459,0.069696174,0.070207422,0.071386866,0.069797624,0.070117889,0.071168835,0.070402409,0.070217048,0.070162968,0.070367109,0.070891087,0.068538907,0.06943395,0.071470848,0.069540138,0.070276555,0.068185526,0.071167979,0.071582042,0.070550781,0.071609787,0.071231196,0.069587411,0.068595436,0.07010883,0.072198836,0.068845842,0.072120552,0.069106776,0.069150553,0.072638661,0.070716503,0.070867952,0.071121587,0.069181629,0.070008484,0.070067927,0.06808723,0.070479465,0.071127021,0.070296974,0.071412775,0.071467873,0.070159628,0.071462579,0.070423322,0.070089796,0.069907096,0.069176298,0.071214902,0.069582746,0.071086267,0.069339872,0.070009696,0.069449865,0.069864569,0.071710707,0.072034583,0.068677406,0.071165683,0.071210866,0.070276833,0.070794133,0.070312519,0.071748159,0.069617972,0.070949454,0.068924214,0.06945053,0.069017447,0.071586806,0.070730621,0.070492149,0.070123748,0.069609778,0.069691961,0.070910566,0.071110531,0.069677047,0.070524801,0.070535279,0.070536645,0.070185156,0.071568936,0.072576548,0.070017239,0.07136071,0.070581463,0.0701186,0.069372953,0.07019846,0.070228459,0.070570026,0.072112279,0.068620764,0.070077209,0.069337276,0.071739205,0.069663104,0.070197764,0.069296004,0.071258395,0.069987409,0.070071223,0.070138867,0.070712992,0.071077492,0.070718059,0.072582816,0.07082214,0.06982113,0.071337206,0.0701606,0.068896905,0.069982904,0.069447111,0.070530147,0.068872772,0.069364397,0.068471094,0.068863609,0.070889692,0.070194884,0.070653067,0.068744583,0.071316697,0.070050281,0.071186785,0.069215781,0.070302537,0.069074615,0.069446952,0.069700767,0.070874351,0.069161434,0.070718291,0.071666243,0.070289426,0.067331012,0.069890432,0.07175897,0.06936295,0.06986744,0.071054405,0.070282091,0.07178401,0.071112078,0.069956965,0.070354753,0.071258222,0.07079246,0.070185009,0.070732675,0.072301812,0.071138146,0.072284421,0.069702867,0.07096446,0.06836329,0.070685437,0.070669225,0.06978427,0.071171283,0.070040301,0.07133863,0.070556436,0.072362251,0.068945826,0.069888506,0.070832042,0.071623594,0.071687041,0.070660894,0.070807876,0.069807325,0.070328994,0.070537923,0.069318704,0.069829891,0.070047927,0.068918264,0.068365642,0.072501221,0.069721857,0.071116783,0.07176924,0.070611938,0.070098541,0.071747775,0.070343377,0.069005862,0.06962902,0.070368205,0.069449735,0.071035662,0.068564398,0.071790051,0.070276286,0.071279477,0.070429598,0.070052375,0.070450262,2
0.05914272,0.05953011,0.059830477,0.058080636,0.058532398,0.057726436,0.058400431,0.058373445,0.059150106,0.057865463,0.058027726,0.058683368,0.057189844,0.058676086,0.058095198,0.056492421,0.060177205,0.05883986,0.056225435,0.060412732,0.056385587,0.058189018,0.059350565,0.057672322,0.059391452,0.059354517,0.057154866,0.057030172,0.059341041,0.058268484,0.057725792,0.058954294,0.059274816,0.056598436,0.059104147,0.058503383,0.060095779,0.057727625,0.058374364,0.057705608,0.058072997,0.057920942,0.058767638,0.05958388,0.059683505,0.060125541,0.057212165,0.060186559,0.058212816,0.057251883,0.059169394,0.058262252,0.057189851,0.057146934,0.0579807,0.058320769,0.059122361,0.057887641,0.058646241,0.059464704,0.058417655,0.058660541,0.058425742,0.058773724,0.059194483,0.057250735,0.057702373,0.059040643,0.057693792,0.058462143,0.056994453,0.059643242,0.059698817,0.058723172,0.059435978,0.059787413,0.058269036,0.057340447,0.058470477,0.060375919,0.057570254,0.060404671,0.057806282,0.057562921,0.060925866,0.058900995,0.05885323,0.05896754,0.057801255,0.058096762,0.05847359,0.056574752,0.058610224,0.059325573,0.058723659,0.05962929,0.059961106,0.058120356,0.059483829,0.058690038,0.058328674,0.058289537,0.057277961,0.059355904,0.058052131,0.059315492,0.057811815,0.058329715,0.057711309,0.058590424,0.059790911,0.060008559,0.057281344,0.059021562,0.059731482,0.058702331,0.058994594,0.058447162,0.05957972,0.057947067,0.058957523,0.057672878,0.058126181,0.057634012,0.059713732,0.058928145,0.058573382,0.058349977,0.05806775,0.05831881,0.058873539,0.059055554,0.057771067,0.05888833,0.058611548,0.058951366,0.058376529,0.059596239,0.060165258,0.058295806,0.059632023,0.058701081,0.05840287,0.057834236,0.058348548,0.058420372,0.05825364,0.060425845,0.056704165,0.057984046,0.057681797,0.059897615,0.057897712,0.058502061,0.057776043,0.059746033,0.058376964,0.059019137,0.058494577,0.05903076,0.059553548,0.058811023,0.060748797,0.058995563,0.057902777,0.059593723,0.057924748,0.057263781,0.058307061,0.05782206,0.059228089,0.057516849,0.0577113,0.057078093,0.057801936,0.059097376,0.058430873,0.058828347,0.056830262,0.059543456,0.05863992,0.05925694,0.057795307,0.058114753,0.057593625,0.057788943,0.058429735,0.058885203,0.057494335,0.058770989,0.059980767,0.05852884,0.056083845,0.058058339,0.060273224,0.057796714,0.058005956,0.059570266,0.058503514,0.06031618,0.05937182,0.058584558,0.058738149,0.059275405,0.058831106,0.058252899,0.058999926,0.060507422,0.05919384,0.060637078,0.058118982,0.059560335,0.056903606,0.059329621,0.058895048,0.057973848,0.059658518,0.058373074,0.059404617,0.05882905,0.060233829,0.057360263,0.058433587,0.059161539,0.060221633,0.059753717,0.058704653,0.059063761,0.057972471,0.05871679,0.058984069,0.057751346,0.058135551,0.058274418,0.057590178,0.056954258,0.060851104,0.058459082,0.058727287,0.059744684,0.059028718,0.058414221,0.060336854,0.05825119,0.057242284,0.057731921,0.058900069,0.057726568,0.058946487,0.057074166,0.059606137,0.058589625,0.059837871,0.058791172,0.058389951,0.058391626,2
0.105949906,0.106187329,0.10733293,0.10571389,0.106441831,0.104562377,0.105485451,0.104837212,0.105500607,0.106053165,0.105141575,0.10358831,0.102987652,0.106225735,0.104721759,0.102231241,0.107159261,0.106732106,0.102882589,0.108757332,0.10204152,0.105520756,0.106226257,0.103796783,0.106599059,0.106909796,0.102458966,0.102375346,0.106530293,0.105931447,0.103934091,0.105624606,0.105951629,0.101435675,0.105479059,0.106371286,0.107303598,0.103635515,0.105311683,0.104694117,0.104379193,0.104967709,0.106031046,0.106304841,0.106752021,0.10820114,0.103549916,0.108267606,0.10462041,0.103559104,0.106576486,0.105276254,0.102713484,0.103186394,0.105180831,0.104813574,0.107667371,0.105264818,0.10540399,0.105886029,0.105405175,0.105132572,0.105158747,0.105674214,0.106669175,0.103292326,0.1041275,0.107275435,0.104785853,0.10579716,0.102305039,0.105626804,0.107201067,0.106272814,0.107691244,0.106983708,0.104768951,0.102939144,0.106388451,0.107195441,0.103051455,0.108039468,0.103111965,0.104680144,0.108726143,0.105278239,0.106068713,0.107884868,0.103490319,0.104353979,0.105790572,0.102571869,0.106122566,0.106920629,0.105876101,0.106311679,0.106698003,0.105259747,0.106762939,0.105282926,0.105016693,0.105420488,0.104848914,0.106581117,0.104086947,0.105357649,0.103356158,0.104725628,0.104038438,0.103662948,0.107410348,0.107589752,0.103297694,0.10662723,0.106468846,0.105256795,0.104815468,0.105374524,0.107748264,0.103729303,0.106709465,0.104106683,0.103775148,0.103510203,0.10806739,0.10569081,0.106824565,0.105270086,0.104730164,0.104493519,0.106950507,0.106918815,0.104623665,0.105079169,0.106579877,0.105548808,0.105455349,0.107663239,0.109159742,0.105839099,0.106817286,0.105319383,0.105372635,0.103817181,0.105513674,0.105716832,0.106512947,0.106485938,0.104080282,0.105636,0.104002471,0.107830111,0.104451975,0.105377678,0.103436832,0.105974461,0.1052429,0.104783212,0.10549967,0.105779743,0.10560905,0.10621987,0.108078884,0.106573591,0.105984917,0.107025377,0.105940717,0.103531705,0.104165225,0.104490373,0.105237685,0.104161238,0.104523173,0.103072445,0.102571383,0.106321173,0.105367734,0.105802778,0.103936823,0.106238868,0.105057244,0.107180972,0.103492299,0.105895142,0.103860017,0.104996364,0.104140192,0.10689265,0.104058203,0.106198619,0.107553105,0.106451798,0.102080766,0.104919552,0.106671336,0.103986372,0.104722491,0.105890623,0.106288849,0.106590377,0.106212414,0.10428471,0.105149673,0.106160613,0.106002504,0.105409068,0.10683316,0.108529412,0.106473871,0.108445672,0.104209419,0.105601087,0.103326161,0.105958749,0.106369209,0.105212677,0.107515946,0.104773999,0.106607961,0.1061108,0.108914452,0.103606702,0.105034192,0.105693249,0.10692259,0.106717864,0.106341928,0.106417948,0.104936211,0.10544439,0.105470727,0.10393963,0.104478511,0.1050053,0.102894477,0.10296705,0.107967811,0.104453051,0.106874843,0.108275445,0.106089131,0.105485027,0.107582061,0.10624978,0.102763014,0.105201296,0.104189884,0.105426377,0.107229102,0.102807049,0.108515108,0.105168444,0.106078549,0.105188651,0.104772441,0.105670804,2
0.093640584,0.094033657,0.095344222,0.093853215,0.094286915,0.093141132,0.093892644,0.093362979,0.09387212,0.094124229,0.09337797,0.091903132,0.091632617,0.094262107,0.093242404,0.091051624,0.094804217,0.095060284,0.091040789,0.096496971,0.090848013,0.09366973,0.094190987,0.092547018,0.094843546,0.095307217,0.091242173,0.091310079,0.094776554,0.093905717,0.091745711,0.094140192,0.094462854,0.090245503,0.094249484,0.094146674,0.095885202,0.092189102,0.093553525,0.093179565,0.092916254,0.093176808,0.094486089,0.09485732,0.094389201,0.096342562,0.091923768,0.096342842,0.093525057,0.092191349,0.094760712,0.092978493,0.09123373,0.091972929,0.093515728,0.093321613,0.09560095,0.093811055,0.093459394,0.094205128,0.094021883,0.093710474,0.093847731,0.09421595,0.094561929,0.091646393,0.092898979,0.095571035,0.093187521,0.094160252,0.09026444,0.094336658,0.095088884,0.094620159,0.095623298,0.095063927,0.093419587,0.090970427,0.094026826,0.095912788,0.091580567,0.095813751,0.09184618,0.093034022,0.096369109,0.093682197,0.094348609,0.095302749,0.091850706,0.093263587,0.093448125,0.090946897,0.09413939,0.094776471,0.093666059,0.094406253,0.095126268,0.093066921,0.0949708,0.093476984,0.093022845,0.093870196,0.092878712,0.094701181,0.0928266,0.094081594,0.092448435,0.092875258,0.09242672,0.092134667,0.09530389,0.095870202,0.091788747,0.094379351,0.094596575,0.093762859,0.093619946,0.093814425,0.095397977,0.092341896,0.094863118,0.092447608,0.092171547,0.092103135,0.095588702,0.094265718,0.094651713,0.09380783,0.09307098,0.092945488,0.095070433,0.094494686,0.093073312,0.093511261,0.094742194,0.094116472,0.093697364,0.0954711,0.097014183,0.093443284,0.09503184,0.093925236,0.093492666,0.092422285,0.093554034,0.09347115,0.094625367,0.095190604,0.092004098,0.093783876,0.092466284,0.095608971,0.092727117,0.093563978,0.092294844,0.094421813,0.092576734,0.093305997,0.093859343,0.093927755,0.09432801,0.094028939,0.09622051,0.094746727,0.0937717,0.095053304,0.094189303,0.091937002,0.092651867,0.093065151,0.093617631,0.09229761,0.092612811,0.091317508,0.09195407,0.09395815,0.093897942,0.094921134,0.092000357,0.094747682,0.093499903,0.095438438,0.092040107,0.094492307,0.091918686,0.093095976,0.092414884,0.095218747,0.092191725,0.094074085,0.095808437,0.094451161,0.090366622,0.093550879,0.095275748,0.092666909,0.093327816,0.094507371,0.093943378,0.095119666,0.094607417,0.092458098,0.093595249,0.094485074,0.094377247,0.093774198,0.094885621,0.096525662,0.094747359,0.096383319,0.093033078,0.09437242,0.091124131,0.094302502,0.09436813,0.093792908,0.095510986,0.093007416,0.094675036,0.094197949,0.096890433,0.091698876,0.093558765,0.093967414,0.095345531,0.09520924,0.094461206,0.09417697,0.092963409,0.093423735,0.094368343,0.092392964,0.093229912,0.093183031,0.091634741,0.091534945,0.095867795,0.093417102,0.095396048,0.095566118,0.094379137,0.09386285,0.095776294,0.094396841,0.091890104,0.093109362,0.093342048,0.092963752,0.094957422,0.0914623,0.096179505,0.093304441,0.094685648,0.093906228,0.093365197,0.094103615,2